Original_Color_Name,User_Color_Name,OD,ppm,Unnamed:_4,Vol_taken(ml),Nix_Device,Note,Date_Saved,Illuminant,Observer,Measurement_Mode,L,a,b,L.1,c,h,X,Y,Z,sRGB_R,sRGB_G,sRGB_B
nan,0.0,0.079,0.0129648,nan,,nan,nan,nan,nan,2.0,nan,31.4127926,-1.34483645,0.453350205,31.4127926,1.41919395,161.370815,0.06454859,0.068283007,0.055415524,72.0,75.0,73.0
nan,0.1,0.124,0.0863688,nan,,nan,nan,nan,nan,2.0,nan,30.5343842,-1.50090523,-0.177933286,30.5343842,1.51141548,186.760896,0.060860867,0.064557685,0.053628875,69.0,73.0,72.0
nan,0.2,0.19,0.194028,nan,,nan,nan,nan,nan,2.0,nan,29.3943986,-1.79377703,-1.05375561,29.3943986,2.08039345,210.432137,0.056209485,0.059928421,0.051478035,66.0,70.0,71.0
nan,0.4,0.313,0.3946656,nan,,nan,nan,nan,nan,2.0,nan,27.2212023,-2.06407059,-2.29506104,27.2212023,3.08669606,228.033267,0.048236633,0.051726913,0.046752195,60.0,65.0,68.0
nan,0.6,0.452,0.6214024,nan,,nan,nan,nan,nan,2.0,nan,25.1078228,-2.38329331,-3.51219095,25.1078228,4.2444755,235.840072,0.041203313,0.044504042,0.042459876,54.0,61.0,65.0
nan,0.8,0.561,0.7992032,nan,,nan,nan,nan,nan,2.0,nan,23.6960988,-2.54212325,-4.10729487,23.6960988,4.830348,238.24544,0.036943941,0.040074629,0.039388187,50.0,58.0,62.0
nan,1.0,0.679,0.9916848,nan,,nan,nan,nan,nan,2.0,nan,22.0134415,-2.61428501,-4.87038687,22.0134415,5.5276717,241.774363,0.032333914,0.035191486,0.036007452,45.0,54.0,60.0
nan,,0.114,0.0700568,nan,6.0,nan,nan,nan,nan,2.0,nan,30.5881173,-1.59121734,0.461047167,30.5881173,1.65666446,163.841322,0.060990547,0.064781576,0.052543154,70.0,73.0,71.0
nan,,0.218,0.2397016,nan,6.0,nan,nan,nan,nan,2.0,nan,28.8840528,-2.05111521,-1.12626328,28.8840528,2.33998773,208.771101,0.054099282,0.057929826,0.049921995,64.0,69.0,70.0
nan,,0.126,0.0896312,nan,6.0,nan,nan,nan,nan,2.0,nan,30.2911293,-1.75775563,0.285705092,30.2911293,1.78082348,170.767897,0.0596715,0.063550557,0.051881381,69.0,72.0,71.0
nan,,0.154,0.1353048,nan,6.0,nan,nan,nan,nan,2.0,nan,29.399659,-1.98007462,-0.353162206,29.399659,2.01132271,190.112822,0.056067287,0.059949257,0.050143358,66.0,70.0,70.0
nan,,0.209,0.2250208,nan,6.0,nan,nan,nan,nan,2.0,nan,29.0999481,-2.09452869,-0.86596718,29.0999481,2.26648397,202.462281,0.054854993,0.058769793,0.050135824,65.0,70.0,70.0
nan,0.0,0.078,0.0340626,nan,,nan,nan,nan,nan,2.0,nan,30.857978,-1.44161914,-0.138363992,30.857978,1.44824388,185.482352,0.062204232,0.065913848,0.054672712,70.0,73.0,73.0
nan,0.1,0.137,0.1335779,nan,,nan,nan,nan,nan,2.0,nan,29.8716922,-1.65701412,-0.883358366,29.8716922,1.87776937,208.062189,0.058139547,0.061838695,0.052758961,67.0,71.0,72.0
nan,0.2,0.173,0.1942991,nan,,nan,nan,nan,nan,2.0,nan,29.3639296,-1.68414109,-1.10897144,29.3639296,2.01646941,213.364062,0.056190616,0.059807829,0.051483259,66.0,70.0,71.0
nan,0.4,0.258,0.3376686,nan,,nan,nan,nan,nan,2.0,nan,27.4860571,-1.8727383,-1.98489326,27.4860571,2.72891004,226.665321,0.049291213,0.052683683,0.047020162,61.0,66.0,68.0
nan,0.6,0.404,0.5839268,nan,,nan,nan,nan,nan,2.0,nan,25.2652892,-2.20421065,-3.25562391,25.2652892,3.93161947,235.90015,0.041812881,0.045017432,0.042485441,54.0,61.0,65.0
nan,0.8,0.531,0.7981377,nan,,nan,nan,nan,nan,2.0,nan,23.5389729,-2.41667853,-4.16985498,23.5389729,4.81954621,239.905162,0.036582297,0.039600638,0.039049815,50.0,57.0,62.0
nan,1.0,0.662,1.0190954,nan,,nan,nan,nan,nan,2.0,nan,21.8495454,-2.50149762,-4.92854415,21.8495454,5.52702793,243.089789,0.031978074,0.034738258,0.035664246,45.0,54.0,60.0
nan,1.2,0.76,1.184392,nan,,nan,nan,nan,nan,2.0,nan,20.770233,-2.50399958,-5.2495868,20.770233,5.8161994,244.499332,0.029278101,0.031850421,0.033368022,43.0,51.0,58.0
nan,1.4,0.882,1.3901694,nan,,nan,nan,nan,nan,2.0,nan,19.5350563,-2.50717899,-5.90702253,19.5350563,6.41707579,247.001671,0.026379716,0.0287473,0.031266922,40.0,49.0,56.0
nan,1.6,1.021,1.6246207,nan,,nan,nan,nan,nan,2.0,nan,17.8548422,-2.60947432,-6.56274658,17.8548422,7.06250656,248.31628,0.022706769,0.024859272,0.028240618,35.0,45.0,53.0
nan,,0.257,0.3359819,nan,1.0,nan,nan,nan,nan,2.0,nan,28.0212608,-2.13550141,-1.45468251,28.0212608,2.58388612,214.262305,0.050938152,0.054652932,0.047743346,62.0,67.0,68.0
nan,,0.464,0.6851288,nan,0.5,nan,nan,nan,nan,2.0,nan,23.2824526,-3.42346785,-4.62933601,23.2824526,5.75768044,233.516483,0.035219667,0.038834867,0.039077683,47.0,57.0,62.0
nan,,0.57,0.863919,nan,0.5,nan,nan,nan,nan,2.0,nan,21.4955719,-3.74098214,-5.7803761,21.4955719,6.88532463,237.089596,0.030354972,0.033772715,0.036033709,42.0,53.0,60.0
nan,,0.644,0.9887348,nan,0.5,nan,nan,nan,nan,2.0,nan,21.4663191,-3.28316222,-5.23995614,21.4663191,6.18355031,237.930267,0.030546718,0.033693732,0.035134381,43.0,53.0,59.0
nan,0.0,0.082,0.0,nan,,nan,nan,nan,nan,2.0,nan,31.7669458,-1.34476532,0.567231325,31.7669458,1.45950168,157.129646,0.066015666,0.0698246,0.056437569,73.0,75.0,74.0
nan,0.1,0.142,0.0791296,nan,,nan,nan,nan,nan,2.0,nan,30.5637203,-1.6443644,-0.446029617,30.5637203,1.70378305,195.17617,0.060845267,0.064679856,0.054269024,69.0,73.0,73.0
nan,0.2,0.212,0.1875456,nan,,nan,nan,nan,nan,2.0,nan,29.0568281,-1.94268387,-1.1475386,29.0568281,2.25629463,210.570243,0.054825888,0.058601385,0.050533291,65.0,69.0,70.0
nan,0.4,0.356,0.4105728,nan,,nan,nan,nan,nan,2.0,nan,26.7059538,-2.31030112,-2.5872293,26.7059538,3.46860875,228.236312,0.046324619,0.049898939,0.045672027,58.0,64.0,67.0
nan,0.6,0.49,0.618112,nan,,nan,nan,nan,nan,2.0,nan,24.8696071,-2.45510031,-3.4857548,24.8696071,4.26356706,234.842049,0.040431335,0.043734828,0.041715697,53.0,60.0,64.0
nan,0.8,0.637,0.8457856,nan,,nan,nan,nan,nan,2.0,nan,23.0998436,-2.60844088,-4.48301644,23.0998436,5.18665598,239.807036,0.035237451,0.038295795,0.038335265,48.0,56.0,62.0
nan,1.0,0.753,1.0254464,nan,,nan,nan,nan,nan,2.0,nan,21.7350443,-2.56673646,-4.90302985,21.7350443,5.5342423,242.36794,0.031645538,0.034423944,0.035325488,45.0,53.0,59.0
nan,1.4,0.975,1.36928,nan,,nan,nan,nan,nan,2.0,nan,19.2952793,-2.57892795,-5.91766557,19.2952793,6.45520218,246.452352,0.025803389,0.02816929,0.030707874,39.0,48.0,55.0
nan,1.6,1.11,1.578368,nan,,nan,nan,nan,nan,2.0,nan,17.8067175,-2.79430982,-6.43408562,17.8067175,7.01467213,246.524795,0.022520828,0.024753411,0.027965386,35.0,45.0,53.0
nan,,0.133,0.0651904,nan,6.0,nan,nan,nan,nan,2.0,nan,30.6314805,-1.53895105,0.248858019,30.6314805,1.55894216,170.814427,0.061210481,0.064962637,0.053111563,70.0,73.0,72.0
nan,,0.368,0.4291584,nan,6.0,nan,nan,nan,nan,2.0,nan,26.2028077,-2.89131226,-2.85978333,26.2028077,4.0666998,224.685893,0.044253888,0.048155962,0.044610842,56.0,63.0,66.0
nan,,0.453,0.5608064,nan,6.0,nan,nan,nan,nan,2.0,nan,25.3446185,-2.57551195,-2.96600188,25.3446185,3.92815847,229.030758,0.041791915,0.045277558,0.042224142,54.0,61.0,64.0
nan,,0.146,0.0853248,nan,6.0,nan,nan,nan,nan,2.0,nan,29.6408806,-1.8643467,-0.428417399,29.6408806,1.91293756,192.941604,0.057076614,0.060909927,0.051088905,67.0,71.0,70.0
nan,,0.751,1.0223488,nan,6.0,nan,nan,nan,nan,2.0,nan,21.3617261,-2.96803145,-5.32159568,21.3617261,6.09332349,240.850134,0.030468183,0.033412335,0.034985636,43.0,53.0,59.0
nan,,0.141,0.0775808,nan,6.0,nan,nan,nan,nan,2.0,nan,29.8730292,-1.72030205,-0.265901604,29.8730292,1.74073054,188.786494,0.058088388,0.061844102,0.051550829,67.0,71.0,71.0
nan,,0.492,0.6212096,nan,6.0,nan,nan,nan,nan,2.0,nan,24.3428591,-2.78689459,-3.67472712,24.3428591,4.61198448,232.823503,0.038641346,0.0420655,0.040510366,51.0,59.0,63.0
nan,,0.272,0.2804736,nan,6.0,nan,nan,nan,nan,2.0,nan,27.8301911,-2.21901455,-2.01475811,27.8301911,2.99721134,222.237933,0.05020287,0.05394437,0.048171691,61.0,67.0,69.0
nan,,0.241,0.2324608,nan,6.0,nan,nan,nan,nan,2.0,nan,27.9423868,-2.33936417,-1.53031992,27.9423868,2.7954434,213.191131,0.050496465,0.054359689,0.047631683,61.0,67.0,68.0
nan,,0.177,0.1333376,nan,6.0,nan,nan,nan,nan,2.0,nan,29.2024126,-1.82482457,-0.972480138,29.2024126,2.06777715,208.053915,0.055466006,0.059171268,0.050679489,65.0,70.0,70.0
nan,,0.174,0.1286912,nan,6.0,nan,nan,nan,nan,2.0,nan,29.5801619,-1.77854003,-0.567840138,29.5801619,1.86698877,197.706888,0.056922177,0.060667154,0.051156222,66.0,71.0,70.0
nan,,0.724,0.9805312,nan,2.0,nan,nan,nan,nan,2.0,nan,22.542928,-2.77991038,-3.82955307,22.542928,4.73216425,234.023732,0.033624099,0.036682603,0.035811548,47.0,55.0,59.0
nan,,1.15,1.64032,nan,2.0,nan,nan,nan,nan,2.0,nan,16.9602606,-3.34530583,-6.64228904,16.9602606,7.43714157,243.268461,0.020593411,0.022940239,0.026374647,32.0,44.0,51.0
nan,,0.667,0.8922496,nan,1.0,nan,nan,nan,nan,2.0,nan,23.1012545,-2.71170689,-3.21367976,23.1012545,4.20488904,229.842286,0.03517557,0.038299941,0.036344224,49.0,56.0,60.0
nan,,1.07,1.516416,nan,1.0,nan,nan,nan,nan,2.0,nan,18.4425928,-2.83689097,-5.27255911,18.4425928,5.98730573,241.717607,0.023820568,0.026176619,0.027880968,37.0,46.0,52.0
nan,,0.9,1.25312,nan,3.0,nan,nan,nan,nan,2.0,nan,19.9200243,-2.98687906,-5.05691494,19.9200243,5.87314526,239.431674,0.027004222,0.029691757,0.031007401,40.0,50.0,55.0
nan,,0.699,0.9418112,nan,3.0,nan,nan,nan,nan,2.0,nan,22.0807802,-3.06086622,-4.20390445,22.0807802,5.20016487,233.941607,0.032239956,0.035378836,0.035169655,45.0,54.0,59.0
nan,0.0,0.082,0.0,nan,,nan,nan,nan,nan,2.0,nan,31.5302341,-1.20694433,0.641812435,31.5302341,1.36698128,151.997456,0.065164903,0.068791676,0.055444207,73.0,75.0,73.0
nan,0.2,0.216,0.1906776,nan,,nan,nan,nan,nan,2.0,nan,29.2487657,-1.78841673,-1.15311791,29.2487657,2.12793687,212.812719,0.055669889,0.059353487,0.051183186,65.0,70.0,71.0
nan,0.4,0.356,0.3976816,nan,,nan,nan,nan,nan,2.0,nan,26.7225963,-2.16026847,-2.52213364,26.7225963,3.32083091,229.419146,0.046494383,0.049957298,0.04560662,58.0,64.0,67.0
nan,0.6,0.489,0.5943354,nan,,nan,nan,nan,nan,2.0,nan,24.6241128,-2.37153747,-3.67837793,24.6241128,4.37660304,237.189165,0.039754612,0.042951437,0.041326595,52.0,60.0,64.0
nan,0.8,0.653,0.8368258,nan,,nan,nan,nan,nan,2.0,nan,22.8266077,-2.55588112,-4.62251476,22.8266077,5.28206124,241.060914,0.03452544,0.037498541,0.037807282,48.0,56.0,61.0
nan,1.0,0.768,1.0068648,nan,,nan,nan,nan,nan,2.0,nan,21.69014,-2.55807064,-5.0435069,21.69014,5.65514697,243.105841,0.031536019,0.034301198,0.035421087,45.0,53.0,59.0
nan,1.2,0.911,1.2183046,nan,,nan,nan,nan,nan,2.0,nan,19.4803104,-2.77621882,-6.31067271,19.4803104,6.89434413,246.254135,0.026115331,0.028614639,0.031700758,39.0,49.0,56.0
nan,1.4,1.018,1.3765148,nan,,nan,nan,nan,nan,2.0,nan,19.0531694,-2.57156274,-6.12381749,19.0531694,6.64184278,247.221099,0.025270753,0.027593571,0.030417298,38.0,48.0,55.0
nan,1.6,1.16,1.586476,nan,,nan,nan,nan,nan,2.0,nan,17.3800909,-2.72359861,-6.98679569,17.3800909,7.49888681,248.703127,0.021695272,0.023828054,0.027729029,34.0,44.0,53.0
nan,,0.127,0.0590822,nan,6.0,nan,nan,nan,nan,2.0,nan,30.7229732,-1.53341308,0.332221458,30.7229732,1.56898909,167.775521,0.06157939,0.065345765,0.053259569,70.0,73.0,72.0
nan,,0.46,0.551456,nan,6.0,nan,nan,nan,nan,2.0,nan,24.537527,-3.04530916,-3.61433686,24.537527,4.7262394,229.883727,0.039036089,0.042677383,0.040968866,51.0,60.0,64.0
nan,,0.371,0.4198606,nan,6.0,nan,nan,nan,nan,2.0,nan,26.7275127,-2.43520093,-2.76436586,26.7275127,3.68400898,228.622345,0.046300178,0.049974547,0.046058368,58.0,64.0,67.0
nan,,0.896,1.1961256,nan,6.0,nan,nan,nan,nan,2.0,nan,20.7339612,-2.57572075,-4.96347882,20.7339612,5.59199959,242.573641,0.029149869,0.031756258,0.032862186,43.0,51.0,57.0
nan,,0.17,0.122662,nan,6.0,nan,nan,nan,nan,2.0,nan,29.1889597,-2.02647029,-1.25480653,29.1889597,2.38351028,211.766121,0.055242476,0.059118453,0.051180423,65.0,70.0,71.0
nan,,0.206,0.1758916,nan,6.0,nan,nan,nan,nan,2.0,nan,29.3181743,-1.87173391,-0.938491444,29.3181743,2.09383715,206.629286,0.055856646,0.05962704,0.050999236,65.0,70.0,70.0
nan,,0.13,0.063518,nan,6.0,nan,nan,nan,nan,2.0,nan,30.137595,-1.66496722,-0.240005179,30.137595,1.68217667,188.202688,0.059157952,0.062920315,0.052393863,68.0,72.0,71.0
nan,,0.279,0.2838294,nan,6.0,nan,nan,nan,nan,2.0,nan,28.3734659,-2.07177933,-1.94572874,28.3734659,2.84220511,223.202916,0.052237504,0.055975256,0.049805998,62.0,68.0,70.0
nan,,0.294,0.3060084,nan,6.0,nan,nan,nan,nan,2.0,nan,27.6938895,-2.09155969,-2.15038125,27.6938895,2.99979357,225.79445,0.049832674,0.05344267,0.047986814,61.0,66.0,69.0
nan,,0.437,0.5174482,nan,6.0,nan,nan,nan,nan,2.0,nan,25.6988817,-2.28626182,-2.43477977,25.6988817,3.33993199,226.801858,0.04310189,0.046451448,0.042360047,56.0,62.0,64.0
nan,,1.164,1.5923904,nan,1.0,nan,nan,nan,nan,2.0,nan,17.1121105,-2.77877092,-6.4408325,17.1121105,7.01469109,246.663164,0.021142003,0.023258764,0.026449957,34.0,44.0,51.0
nan,,1.369,1.8955034,nan,1.0,nan,nan,nan,nan,2.0,nan,14.2330571,-3.31052084,-8.16940838,14.2330571,8.81469123,247.940543,0.01580237,0.017704034,0.022611344,25.0,38.0,47.0
nan,,0.955,1.283363,nan,1.0,nan,nan,nan,nan,2.0,nan,19.3350894,-2.59158454,-5.01541527,19.3350894,5.64541413,242.673524,0.025885743,0.028264715,0.029572053,40.0,48.0,54.0
nan,,0.939,1.2597054,nan,1.0,nan,nan,nan,nan,2.0,nan,19.8286033,-2.7234152,-5.19166281,19.8286033,5.8626234,242.319631,0.026934607,0.029465626,0.030975647,40.0,49.0,55.0
nan,,1.076,1.4622736,nan,3.0,nan,nan,nan,nan,2.0,nan,18.2203589,-2.70846756,-5.72550047,18.2203589,6.33381024,244.68335,0.023415829,0.025673183,0.027971335,37.0,46.0,53.0
nan,,1.15,1.57169,nan,3.0,nan,nan,nan,nan,2.0,nan,16.8493436,-2.67826062,-6.42486904,16.8493436,6.96074868,247.370775,0.020677675,0.022709424,0.025868477,33.0,43.0,51.0
nan,0.0,0.079,0.0,nan,,nan,nan,nan,nan,2.0,nan,31.7175219,-1.06899182,0.918115976,31.7175219,1.40914174,139.341986,0.066076431,0.069608084,0.055539606,73.0,75.0,73.0
nan,0.2,0.202,0.1726768,nan,,nan,nan,nan,nan,2.0,nan,29.5590651,-1.64698473,-0.856395681,29.5590651,1.85633301,207.473435,0.056957814,0.060582954,0.051646725,66.0,70.0,71.0
nan,0.4,0.377,0.4436468,nan,,nan,nan,nan,nan,2.0,nan,26.8661268,-2.17800569,-2.5093153,26.8661268,3.32270554,229.043061,0.04695648,0.0504625,0.046029339,58.0,65.0,67.0
nan,0.6,0.475,0.59539,nan,,nan,nan,nan,nan,2.0,nan,24.5424246,-2.61472159,-3.86308302,24.5424246,4.66478075,235.907956,0.039345008,0.042692854,0.041400407,52.0,60.0,64.0
nan,0.8,0.611,0.8059724,nan,,nan,nan,nan,nan,2.0,nan,24.0696586,-2.17570986,-3.50844397,24.0696586,4.12830383,238.195489,0.038258874,0.041216676,0.039461882,52.0,58.0,62.0
nan,1.0,0.741,1.0072644,nan,,nan,nan,nan,nan,2.0,nan,21.1699862,-2.80426013,-5.65057286,21.1699862,6.3081573,243.605765,0.030086592,0.032900556,0.034983215,43.0,52.0,59.0
nan,1.2,0.906,1.2627504,nan,,nan,nan,nan,nan,2.0,nan,19.3963367,-2.97069341,-6.53078897,19.3963367,7.1746933,245.540393,0.02582608,0.028411946,0.031807042,38.0,49.0,56.0
nan,1.4,0.975,1.36959,nan,,nan,nan,nan,nan,2.0,nan,19.1168606,-2.65644373,-6.04737081,19.1168606,6.6051031,246.285436,0.025367684,0.027744256,0.030463064,38.0,48.0,55.0
nan,1.6,1.098,1.5600432,nan,,nan,nan,nan,nan,2.0,nan,16.8871211,-2.84020125,-7.28328609,16.8871211,7.81748037,248.696131,0.020678074,0.022787863,0.02702175,32.0,43.0,52.0
nan,,0.373,0.4374532,nan,5.0,nan,nan,nan,nan,2.0,nan,25.7628698,-2.91866949,-2.90388581,25.7628698,4.11718161,224.854524,0.042842565,0.04666562,0.043358435,54.0,62.0,65.0
nan,,0.594,0.7796496,nan,5.0,nan,nan,nan,nan,2.0,nan,23.0583113,-2.84866715,-4.56643154,23.0583113,5.38211868,238.042937,0.034971022,0.03817389,0.038354155,48.0,56.0,62.0
nan,,0.204,0.1757736,nan,5.0,nan,nan,nan,nan,2.0,nan,28.7828723,-1.98281935,-1.24030865,28.7828723,2.33878988,212.027125,0.053788006,0.057538942,0.049806861,64.0,69.0,70.0
nan,,0.153,0.0968052,nan,5.0,nan,nan,nan,nan,2.0,nan,29.7195129,-1.55356208,-0.514444992,29.7195129,1.63652338,198.321721,0.057649437,0.061225285,0.051519382,67.0,71.0,71.0
nan,,0.197,0.1649348,nan,5.0,nan,nan,nan,nan,2.0,nan,28.9334196,-1.94275878,-0.93955481,28.9334196,2.1580257,205.809287,0.054372033,0.058121183,0.049728452,64.0,69.0,70.0
nan,,0.277,0.2888068,nan,5.0,nan,nan,nan,nan,2.0,nan,27.5281211,-2.25197908,-1.92634069,27.5281211,2.96347739,220.543647,0.049133656,0.052836713,0.047045775,60.0,66.0,68.0
nan,,0.173,0.1277732,nan,5.0,nan,nan,nan,nan,2.0,nan,29.5894796,-1.73427117,-0.848923515,29.5894796,1.93089814,206.081689,0.056996266,0.060704367,0.051734515,66.0,71.0,71.0
nan,,0.929,1.2983636,nan,5.0,nan,nan,nan,nan,2.0,nan,18.1799182,-3.32308154,-6.99301149,18.1799182,7.74242085,244.582916,0.023035157,0.025582271,0.029553115,34.0,46.0,54.0
nan,,0.846,1.1698464,nan,5.0,nan,nan,nan,nan,2.0,nan,19.5553789,-3.325479,-6.55677641,19.5553789,7.35187918,243.106697,0.025997751,0.02879665,0.032232932,38.0,49.0,57.0
nan,,0.184,0.1448056,nan,5.0,nan,nan,nan,nan,2.0,nan,29.205384,-1.90167829,-0.853256976,29.205384,2.0843291,204.16512,0.055410809,0.059182938,0.05045996,65.0,70.0,70.0
nan,,0.192,0.1571928,nan,5.0,nan,nan,nan,nan,2.0,nan,29.0972546,-1.83530697,-0.945915532,29.0972546,2.06472949,207.266537,0.055067164,0.058759264,0.050280018,65.0,70.0,70.0
nan,,0.158,0.1045472,nan,5.0,nan,nan,nan,nan,2.0,nan,29.6970914,-1.67455589,-0.661808842,29.6970914,1.80059112,201.564653,0.057457131,0.061135252,0.051731434,67.0,71.0,71.0
nan,,0.17,0.123128,nan,5.0,nan,nan,nan,nan,2.0,nan,29.7016255,-1.50460767,-0.426947132,29.7016255,1.56401026,195.841809,0.057624542,0.061153452,0.051289201,67.0,71.0,71.0
nan,,0.22,0.200548,nan,5.0,nan,nan,nan,nan,2.0,nan,28.7631809,-1.996724,-1.23385085,28.7631809,2.34718867,211.713478,0.053704615,0.057463074,0.049729938,64.0,69.0,70.0
nan,,0.821,1.1311364,nan,5.0,nan,nan,nan,nan,2.0,nan,19.5626879,-3.46277077,-6.46390166,19.5626879,7.33299435,241.821642,0.02594276,0.028814412,0.032118679,38.0,49.0,57.0
nan,,0.189,0.1525476,nan,5.0,nan,nan,nan,nan,2.0,nan,29.278919,-1.85889455,-0.75814106,29.278919,2.00755244,202.187851,0.055721321,0.059472224,0.050520827,66.0,70.0,70.0
nan,,1.069,1.5151396,nan,5.0,nan,nan,nan,nan,2.0,nan,17.0527984,-3.19162194,-7.23401424,17.0527984,7.90679535,246.193095,0.020840469,0.023134,0.027322335,32.0,44.0,52.0
nan,,1.131,1.6111404,nan,5.0,nan,nan,nan,nan,2.0,nan,17.4425127,-3.20639356,-7.12413197,17.4425127,7.81243982,245.768682,0.02159687,0.023961982,0.02804597,33.0,45.0,53.0
nan,,0.808,1.1110072,nan,5.0,nan,nan,nan,nan,2.0,nan,19.4180412,-3.32291191,-6.50703533,19.4180412,7.30638436,242.948212,0.025692348,0.028464244,0.03182635,37.0,49.0,56.0
nan,,0.692,0.9313928,nan,2.0,nan,nan,nan,nan,2.0,nan,22.3008848,-2.9613312,-3.97632065,22.3008848,4.95788346,233.323413,0.032873484,0.035995852,0.035399577,46.0,55.0,59.0
nan,,1.113,1.5832692,nan,2.0,nan,nan,nan,nan,2.0,nan,16.9964774,-3.14549035,-6.25331765,16.9964774,6.99986365,243.297081,0.020752326,0.023015943,0.025969677,33.0,43.0,51.0
nan,,1.454,2.1112736,nan,2.0,nan,nan,nan,nan,2.0,nan,12.8774968,-3.31286469,-8.70326347,12.8774968,9.31245765,249.16086,0.013719374,0.015427824,0.020642631,22.0,35.0,45.0
nan,,0.85,1.17604,nan,2.0,nan,nan,nan,nan,2.0,nan,19.4751106,-3.40243892,-5.67020786,19.4751106,6.61270351,239.033909,0.025778357,0.02860206,0.030794318,38.0,49.0,55.0
nan,,0.504,0.6402936,nan,2.0,nan,nan,nan,nan,2.0,nan,24.2361056,-2.76286423,-2.96638586,24.2361056,4.05374689,227.034477,0.038346629,0.041732447,0.039047359,51.0,59.0,62.0
nan,,0.848,1.1729432,nan,2.0,nan,nan,nan,nan,2.0,nan,20.0284082,-3.0893938,-5.06020325,20.0284082,5.92874447,238.594782,0.027199248,0.029961342,0.031272211,40.0,50.0,56.0
nan,0.0,0.081,0.0020748,nan,,nan,nan,nan,nan,2.0,nan,32.1551574,-1.11691071,0.588729782,32.1551574,1.26257368,152.206039,0.067873592,0.071540909,0.057789297,74.0,76.0,75.0
nan,0.2,0.216,0.1925328,nan,,nan,nan,nan,nan,2.0,nan,29.6835912,-1.69990553,-1.08804707,29.6835912,2.01829761,212.621814,0.057383428,0.061081085,0.052522563,67.0,71.0,72.0
nan,0.4,0.357,0.3914556,nan,,nan,nan,nan,nan,2.0,nan,27.171175,-2.2474364,-2.79281012,27.171175,3.5847955,231.175593,0.04792391,0.051547504,0.047507583,59.0,65.0,68.0
nan,0.6,0.503,0.5974324,nan,,nan,nan,nan,nan,2.0,nan,24.8129179,-2.68448202,-4.26569074,24.8129179,5.04009535,237.816996,0.040101444,0.04355309,0.042880865,52.0,60.0,65.0
nan,0.8,0.654,0.8104632,nan,,nan,nan,nan,nan,2.0,nan,22.7018544,-2.92271118,-5.36690935,22.7018544,6.11113382,241.428175,0.033960042,0.037138243,0.038652384,46.0,56.0,62.0
nan,1.0,0.79,1.002332,nan,,nan,nan,nan,nan,2.0,nan,20.9493683,-2.82413538,-6.03019113,20.9493683,6.65874956,244.904773,0.029533352,0.032318194,0.034982075,42.0,52.0,59.0
nan,1.2,0.943,1.2181844,nan,,nan,nan,nan,nan,2.0,nan,19.3754086,-3.00857244,-6.91018736,19.3754086,7.53672326,246.472549,0.025759801,0.028361581,0.032294413,38.0,49.0,57.0
nan,1.4,1.095,1.432626,nan,,nan,nan,nan,nan,2.0,nan,17.7085731,-3.09893383,-7.80407908,17.7085731,8.39684709,248.342391,0.0221786,0.024538451,0.029550969,33.0,45.0,54.0
nan,1.6,1.18,1.552544,nan,,nan,nan,nan,nan,2.0,nan,17.1757538,-2.87866684,-7.66683847,17.1757538,8.18945266,249.420356,0.021221156,0.023393135,0.028153615,33.0,44.0,53.0
nan,,0.272,0.2715376,nan,5.0,nan,nan,nan,nan,2.0,nan,28.257447,-2.35849691,-1.43513378,28.257447,2.76081811,211.320307,0.051588489,0.055537344,0.04846477,62.0,68.0,69.0
nan,,0.793,1.0065644,nan,5.0,nan,nan,nan,nan,2.0,nan,19.0223752,-3.99489618,-7.56622825,19.0223752,8.55610924,242.166374,0.024484747,0.027520912,0.032362037,34.0,48.0,57.0
nan,,0.489,0.5776812,nan,5.0,nan,nan,nan,nan,2.0,nan,23.8380434,-3.41364314,-4.96087271,23.8380434,6.02189484,235.467617,0.036773454,0.040506063,0.041204288,48.0,58.0,64.0
nan,,0.808,1.0277264,nan,5.0,nan,nan,nan,nan,2.0,nan,19.4570724,-3.71686901,-7.08640367,19.4570724,8.00201426,242.322671,0.025576027,0.028558451,0.032748848,36.0,49.0,57.0
nan,,0.125,0.06415,nan,5.0,nan,nan,nan,nan,2.0,nan,30.8930382,-1.43922025,-0.026606002,30.8930382,1.43946615,181.059072,0.062347206,0.066061913,0.054568788,70.0,73.0,73.0
nan,,0.669,0.8316252,nan,5.0,nan,nan,nan,nan,2.0,nan,20.9618895,-3.72135683,-6.57733056,20.9618895,7.55710089,240.499457,0.029058346,0.032351061,0.035844957,40.0,52.0,60.0
nan,,0.385,0.430958,nan,5.0,nan,nan,nan,nan,2.0,nan,25.8770923,-2.80772549,-3.3507373,25.8770923,4.37158586,230.038925,0.043281896,0.047049562,0.044485973,55.0,63.0,66.0
nan,,0.76,0.960008,nan,5.0,nan,nan,nan,nan,2.0,nan,21.2871521,-3.21259889,-5.85803295,21.2871521,6.6811183,241.259233,0.030142066,0.033212661,0.035603069,42.0,53.0,60.0
nan,,0.665,0.825982,nan,5.0,nan,nan,nan,nan,2.0,nan,22.9896277,-2.5544943,-4.18344657,22.9896277,4.90170035,238.590945,0.034969832,0.037972859,0.037557425,48.0,56.0,61.0
nan,,1.26,1.665408,nan,5.0,nan,nan,nan,nan,2.0,nan,15.6768963,-3.31554784,-8.07870567,15.6768963,8.7326023,247.686468,0.018239032,0.020363569,0.025418701,28.0,41.0,50.0
nan,,0.303,0.3152724,nan,5.0,nan,nan,nan,nan,2.0,nan,27.3455014,-2.58571414,-2.38905171,27.3455014,3.52043828,222.736162,0.048247732,0.05217448,0.047317386,59.0,66.0,68.0
nan,,0.87,1.115196,nan,5.0,nan,nan,nan,nan,2.0,nan,29.7112193,-1.73041447,-1.04911002,29.7112193,2.02360225,211.227458,0.057461578,0.061191972,0.052539728,67.0,71.0,72.0
nan,,0.179,0.1403332,nan,5.0,nan,nan,nan,nan,2.0,nan,30.1848136,-1.62452543,-0.533598916,30.1848136,1.7099154,198.183515,0.059377785,0.063113697,0.053136101,68.0,72.0,72.0
nan,,0.24,0.226392,nan,5.0,nan,nan,nan,nan,2.0,nan,28.5314019,-2.23087681,-1.43768548,28.5314019,2.65400657,212.7997,0.052670799,0.056575075,0.049358359,63.0,68.0,69.0
nan,,0.248,0.2376784,nan,5.0,nan,nan,nan,nan,2.0,nan,28.6876031,-2.17768174,-1.23120674,28.6876031,2.50163302,209.482731,0.053278197,0.057172504,0.049477409,63.0,69.0,69.0
nan,,0.731,0.9190948,nan,5.0,nan,nan,nan,nan,2.0,nan,19.7981723,-3.93019669,-7.040259,19.7981723,8.06298287,240.827734,0.026228255,0.02939061,0.033535571,37.0,50.0,58.0
nan,,0.351,0.3829908,nan,5.0,nan,nan,nan,nan,2.0,nan,26.6840217,-2.58329133,-2.53426124,26.6840217,3.6188222,224.451079,0.046044188,0.0498221,0.045509024,57.0,64.0,67.0
nan,,0.374,0.4154392,nan,5.0,nan,nan,nan,nan,2.0,nan,25.9824005,-3.0197159,-3.06686975,25.9824005,4.30399514,225.443872,0.043458915,0.047405402,0.044305509,55.0,63.0,66.0
nan,,0.574,0.6975992,nan,5.0,nan,nan,nan,nan,2.0,nan,23.413035,-3.01554053,-4.43492119,23.413035,5.36302253,235.786117,0.035841577,0.039223439,0.039127488,48.0,57.0,62.0
nan,,1.205,1.587814,nan,5.0,nan,nan,nan,nan,2.0,nan,15.845592,-3.30329114,-7.72866131,15.845592,8.40499482,246.857752,0.018544403,0.020690644,0.025346775,29.0,41.0,50.0
nan,,0.849,1.0855692,nan,5.0,nan,nan,nan,nan,2.0,nan,18.7034002,-3.74472008,-7.23868672,18.7034002,8.14993951,242.646554,0.023926891,0.026775779,0.031124393,35.0,47.0,56.0
nan,,0.156,0.1078848,nan,5.0,nan,nan,nan,nan,2.0,nan,30.1733441,-1.67863387,0.192076781,30.1733441,1.68958728,173.472351,0.059284417,0.063066687,0.051667468,68.0,72.0,71.0
nan,,1.091,1.4269828,nan,2.0,nan,nan,nan,nan,2.0,nan,16.7760216,-3.54291447,-7.12535197,16.7760216,7.95756769,243.562214,0.020154894,0.022557696,0.026581389,31.0,43.0,51.0
nan,,0.969,1.2548652,nan,2.0,nan,nan,nan,nan,2.0,nan,18.6321589,-3.32277449,-5.86144864,18.6321589,6.73776005,240.451697,0.023983474,0.026611217,0.029082459,36.0,47.0,54.0
nan,,1.296,1.7161968,nan,2.0,nan,nan,nan,nan,2.0,nan,14.302289,-3.72313155,-8.3196091,14.302289,9.11469166,245.890873,0.015759782,0.017825936,0.022915971,24.0,38.0,48.0
nan,,1.711,2.3016788,nan,2.0,nan,nan,nan,nan,2.0,nan,9.30968766,-3.61716188,-11.3243127,9.30968766,11.8879737,252.285708,0.009051718,0.010386911,0.017125967,10.0,28.0,41.0
nan,,1.391,1.8502228,nan,2.0,nan,nan,nan,nan,2.0,nan,13.447408,-3.69782018,-8.66227602,13.447408,9.41854022,246.882954,0.014435189,0.016359396,0.021655695,22.0,36.0,46.0
nan,,1.425,1.89819,nan,2.0,nan,nan,nan,nan,2.0,nan,11.4580114,-3.87803303,-10.2720088,11.4580114,10.9796769,249.316771,0.011571865,0.013262741,0.01972628,16.0,32.0,44.0
nan,,1.285,1.700678,nan,2.0,nan,nan,nan,nan,2.0,nan,13.6568366,-3.94150529,-8.85666381,13.6568366,9.69411976,246.009371,0.014668023,0.016710926,0.022268575,22.0,37.0,47.0
nan,,1.45,1.93346,nan,2.0,nan,nan,nan,nan,2.0,nan,12.2043935,-3.66898225,-9.18632795,12.2043935,9.89191852,248.228432,0.0126423,0.014373957,0.019933654,19.0,34.0,44.0
nan,,1.046,1.3634968,nan,2.0,nan,nan,nan,nan,2.0,nan,18.2923195,-2.82190249,-5.38030925,18.2923195,6.07543096,242.323572,0.023511409,0.025835485,0.027685642,37.0,46.0,52.0
nan,,0.798,1.0136184,nan,2.0,nan,nan,nan,nan,2.0,nan,20.3412465,-3.51010862,-5.41352807,20.3412465,6.45191047,237.040796,0.027699642,0.03074861,0.032535539,40.0,51.0,57.0
nan,,1.782,2.4018456,nan,2.0,nan,nan,nan,nan,2.0,nan,8.37883791,-3.37671283,-11.7401037,8.37883791,12.2160642,253.953597,0.008107722,0.009282502,0.016038258,8.0,26.0,40.0
nan,,1.423,1.8953684,nan,2.0,nan,nan,nan,nan,2.0,nan,13.5213406,-3.860779,-8.86813208,13.5213406,9.6720929,246.473895,0.01448998,0.016482924,0.022022102,22.0,37.0,47.0
nan,,2.188,2.9746304,nan,2.0,nan,nan,nan,nan,2.0,nan,4.66551378,-1.46453067,-12.1827501,4.66551378,12.2704625,263.14517,0.004617497,0.005164987,0.011274856,2.0,17.0,33.0
nan,,1.076,1.4058208,nan,2.0,nan,nan,nan,nan,2.0,nan,16.883635,-3.54626601,-7.0886557,16.883635,7.92622497,243.422418,0.02035773,0.022780617,0.026768347,31.0,43.0,52.0
nan,,1.312,1.7387696,nan,2.0,nan,nan,nan,nan,2.0,nan,13.8684985,-3.74628961,-8.38639691,13.8684985,9.18511508,245.929194,0.015064939,0.017071285,0.022151479,23.0,37.0,47.0
nan,,1.106,1.4481448,nan,2.0,nan,nan,nan,nan,2.0,nan,16.2305072,-3.75491418,-7.43509366,16.2305072,8.32946567,243.205046,0.019050397,0.021450008,0.025798721,29.0,42.0,51.0
nan,,1.332,1.7669856,nan,2.0,nan,nan,nan,nan,2.0,nan,13.1282181,-3.86069596,-9.26609956,13.1282181,10.0382057,247.381077,0.013901186,0.015833167,0.021714224,21.0,36.0,47.0
nan,,0.904,1.1631632,nan,2.0,nan,nan,nan,nan,2.0,nan,19.0123201,-3.44757637,-5.88286023,19.0123201,6.81863823,239.6281,0.024737507,0.027497215,0.029992391,37.0,48.0,55.0
nan,,1.264,1.6710512,nan,2.0,nan,nan,nan,nan,2.0,nan,13.9625011,-3.74454876,-8.29600627,13.9625011,9.10194295,245.707124,0.015212549,0.017232974,0.022231122,24.0,37.0,47.0
nan,,0.965,1.249222,nan,2.0,nan,nan,nan,nan,2.0,nan,18.0104261,-3.64349207,-6.34617481,18.0104261,7.31771612,240.138827,0.022534479,0.025203581,0.028308096,34.0,46.0,53.0
nan,0.0,0.091,0.0143392,nan,,nan,nan,nan,nan,2.0,nan,30.3643676,-1.66318689,-0.044057021,30.3643676,1.66377031,181.517383,0.06004361,0.063852669,0.05277903,69.0,72.0,71.0
nan,0.2,0.232,0.2020384,nan,,nan,nan,nan,nan,2.0,nan,27.7738818,-2.30462855,-1.92082559,27.7738818,3.00014728,219.809999,0.049938484,0.053736727,0.047816759,61.0,67.0,68.0
nan,0.4,0.366,0.3804192,nan,,nan,nan,nan,nan,2.0,nan,25.2139752,-2.8365543,-3.5698681,25.2139752,4.55960509,231.529965,0.041206348,0.044849701,0.042873377,53.0,61.0,65.0
nan,0.6,0.527,0.5947424,nan,,nan,nan,nan,nan,2.0,nan,23.7797577,-2.70464404,-4.14105007,23.7797577,4.94604843,236.850242,0.037074333,0.040328534,0.03967881,50.0,58.0,63.0
nan,0.8,0.677,0.7944224,nan,,nan,nan,nan,nan,2.0,nan,20.2957586,-3.4796916,-6.67317662,20.2957586,7.52592451,242.460457,0.027609847,0.030633292,0.03425885,39.0,51.0,59.0
nan,1.0,0.837,1.0074144,nan,,nan,nan,nan,nan,2.0,nan,19.1335498,-3.41157161,-6.96230973,19.1335498,7.75323014,243.894882,0.025019659,0.027783831,0.0317766,36.0,48.0,56.0
nan,1.4,1.148,1.4214176,nan,,nan,nan,nan,nan,2.0,nan,16.8328341,-3.16739711,-7.81341396,16.8328341,8.43100481,247.93338,0.020428478,0.022675201,0.027578588,31.0,43.0,53.0
nan,1.6,1.271,1.5851552,nan,,nan,nan,nan,nan,2.0,nan,15.5492858,-3.17374535,-8.32469503,15.5492858,8.90916421,249.13092,0.018071872,0.020118455,0.025450303,28.0,41.0,50.0
nan,,0.326,0.3271712,nan,6.0,nan,nan,nan,nan,2.0,nan,25.6155896,-2.829827,-2.96700625,25.6155896,4.10012767,226.355624,0.04244753,0.046173648,0.043027945,54.0,62.0,65.0
nan,,0.371,0.3870752,nan,6.0,nan,nan,nan,nan,2.0,nan,24.4385328,-3.30682229,-2.16061139,24.4385328,3.95010319,213.159796,0.038568532,0.042365487,0.038312362,51.0,60.0,61.0
nan,,0.228,0.1967136,nan,6.0,nan,nan,nan,nan,2.0,nan,27.3106014,-2.44596807,-1.32807345,27.3106014,2.78326048,208.500383,0.048239338,0.052048555,0.045283647,60.0,66.0,66.0
nan,,0.216,0.1807392,nan,6.0,nan,nan,nan,nan,2.0,nan,27.4091234,-2.47730143,-1.03762026,27.4091234,2.68582914,202.726423,0.048548958,0.05240456,0.045068442,60.0,66.0,66.0
nan,,0.156,0.1008672,nan,6.0,nan,nan,nan,nan,2.0,nan,28.6177134,-2.23491764,-0.228445018,28.6177134,2.24656271,185.836293,0.052977892,0.056904677,0.047377899,64.0,69.0,68.0
nan,,0.656,0.7664672,nan,6.0,nan,nan,nan,nan,2.0,nan,19.8650534,-3.90624262,-6.80999777,19.8650534,7.85078347,240.161241,0.026391976,0.029555648,0.033367667,37.0,50.0,58.0
nan,,0.327,0.3285024,nan,6.0,nan,nan,nan,nan,2.0,nan,25.2317825,-3.07448831,-1.59561994,25.2317825,3.46388241,207.428733,0.041092474,0.04490786,0.039610205,54.0,61.0,62.0
nan,,0.224,0.1913888,nan,6.0,nan,nan,nan,nan,2.0,nan,27.4602223,-2.33652456,-1.64023269,27.4602223,2.85476974,215.068731,0.048834316,0.052589842,0.046310399,60.0,66.0,67.0
nan,,0.713,0.8423456,nan,6.0,nan,nan,nan,nan,2.0,nan,18.846914,-4.22268002,-6.72989139,18.846914,7.94496474,237.893725,0.023996177,0.027109344,0.030761965,34.0,48.0,55.0
nan,,0.146,0.0875552,nan,6.0,nan,nan,nan,nan,2.0,nan,29.1185791,-1.94417266,-0.949392225,29.1185791,2.16359722,206.027511,0.055052623,0.058842657,0.05035719,65.0,70.0,70.0
nan,,0.21,0.172752,nan,0.5,nan,nan,nan,nan,2.0,nan,27.8862592,-2.2169829,-1.71512498,27.8862592,2.80297465,217.72662,0.050399716,0.054151654,0.04779462,61.0,67.0,68.0
nan,,0.383,0.4030496,nan,0.5,nan,nan,nan,nan,2.0,nan,24.8373405,-2.95696709,-3.72600518,24.8373405,4.75676035,231.564396,0.039985431,0.043631323,0.042028909,52.0,60.0,64.0
nan,,0.18,0.132816,nan,0.5,nan,nan,nan,nan,2.0,nan,28.442818,-2.11086191,-1.23154591,28.442818,2.44385829,210.260686,0.052453038,0.056238121,0.048682074,63.0,68.0,69.0
nan,,0.151,0.0942112,nan,0.5,nan,nan,nan,nan,2.0,nan,28.8407529,-1.99914951,-0.899621553,28.8407529,2.19224034,204.227847,0.053985176,0.057762332,0.049349461,64.0,69.0,69.0
nan,,0.184,0.1381408,nan,0.5,nan,nan,nan,nan,2.0,nan,28.2863423,-2.11240037,-1.32620385,28.2863423,2.49420367,212.121359,0.051893553,0.055646195,0.048354303,62.0,68.0,69.0
nan,,0.902,1.0939424,nan,0.5,nan,nan,nan,nan,2.0,nan,19.1641844,-3.1990209,-6.20077167,19.1641844,6.97734219,242.710479,0.0251948,0.027856573,0.030786695,37.0,48.0,55.0
nan,,0.926,1.1258912,nan,0.5,nan,nan,nan,nan,2.0,nan,17.7453054,-3.58616313,-7.51559077,17.7453054,8.32734476,244.491242,0.022025059,0.024618757,0.029249209,33.0,45.0,54.0
nan,0.0,0.102,0.0216476,nan,,nan,nan,nan,nan,2.0,nan,31.599597,-1.15774137,0.358538503,31.599597,1.21198801,162.792879,0.065499689,0.069093288,0.056272454,73.0,75.0,74.0
nan,0.2,0.218,0.1937684,nan,,nan,nan,nan,nan,2.0,nan,29.2942863,-1.6304499,-1.66200061,29.2942863,2.32822097,225.549034,0.055976536,0.059532798,0.052330877,65.0,70.0,72.0
nan,0.4,0.366,0.4133708,nan,,nan,nan,nan,nan,2.0,nan,26.1072421,-2.57294215,-3.4061287,26.1072421,4.26869349,232.933109,0.044184546,0.047829564,0.045289543,56.0,63.0,67.0
nan,0.6,0.461,0.5543318,nan,,nan,nan,nan,nan,2.0,nan,24.8169573,-2.36692034,-3.62871865,24.8169573,4.33242552,236.884618,0.040334521,0.043566023,0.041804078,53.0,60.0,64.0
nan,0.8,0.639,0.8184482,nan,,nan,nan,nan,nan,2.0,nan,21.8481897,-3.13319651,-5.73604018,21.8481897,6.53598327,241.355315,0.03159885,0.034734525,0.036905771,44.0,54.0,61.0
nan,1.0,0.761,0.9994718,nan,,nan,nan,nan,nan,2.0,nan,21.0045113,-2.82400988,-5.88734585,21.0045113,6.52961507,244.374152,0.029668241,0.032463105,0.034910233,42.0,52.0,59.0
nan,1.2,0.924,1.2413312,nan,,nan,nan,nan,nan,2.0,nan,18.670663,-3.16236961,-7.25107148,18.670663,7.9106649,246.436807,0.024144725,0.026700074,0.031063098,36.0,47.0,56.0
nan,1.4,0.979,1.3229402,nan,,nan,nan,nan,nan,2.0,nan,18.713443,-2.65918609,-6.57408486,18.713443,7.09153456,247.976902,0.024486799,0.026799032,0.030231954,37.0,47.0,55.0
nan,1.6,1.189,1.6345382,nan,,nan,nan,nan,nan,2.0,nan,16.3692082,-3.17727011,-8.32819356,16.3692082,8.9136891,249.117761,0.019551743,0.021728126,0.027214724,30.0,42.0,52.0
nan,,1.032,1.4015816,nan,1.0,nan,nan,nan,nan,2.0,nan,17.2233152,-3.51738057,-7.40255397,17.2233152,8.19571665,244.58491,0.021024711,0.02349389,0.027916936,32.0,44.0,53.0
nan,,1.011,1.3704218,nan,1.0,nan,nan,nan,nan,2.0,nan,17.6138732,-3.43397184,-7.19386422,17.6138732,7.97143933,244.482649,0.021832648,0.024332218,0.028522929,33.0,45.0,53.0
nan,,1.033,1.4030654,nan,1.0,nan,nan,nan,nan,2.0,nan,17.5803798,-3.34126797,-7.16649989,17.5803798,7.90713553,245.003453,0.021808734,0.024259556,0.028411286,33.0,45.0,53.0
nan,,1.007,1.3644866,nan,1.0,nan,nan,nan,nan,2.0,nan,18.0628162,-3.24089335,-6.73413583,18.0628162,7.4734179,244.300189,0.02283297,0.025320232,0.028937751,35.0,46.0,54.0
nan,,1.067,1.4535146,nan,1.0,nan,nan,nan,nan,2.0,nan,16.9853343,-3.5567983,-7.66630628,16.9853343,8.45121685,245.110962,0.02054739,0.022992633,0.027727606,31.0,44.0,53.0
nan,,1.079,1.4713202,nan,1.0,nan,nan,nan,nan,2.0,nan,17.3589404,-3.19473701,-7.01682534,17.3589404,7.70987565,245.520385,0.02143703,0.023782789,0.027720733,33.0,44.0,53.0
nan,,1.125,1.539575,nan,1.0,nan,nan,nan,nan,2.0,nan,16.953478,-3.26141862,-7.29034867,16.953478,7.986616,245.898114,0.020617759,0.02292608,0.027175939,32.0,43.0,52.0
nan,,1.067,1.4535146,nan,1.0,nan,nan,nan,nan,2.0,nan,16.8891545,-3.41437621,-7.51410067,16.8891545,8.25346435,245.563149,0.020426609,0.022792091,0.027319708,31.0,43.0,52.0
nan,,1.05,1.42829,nan,1.0,nan,nan,nan,nan,2.0,nan,17.3890378,-3.30103599,-7.13774825,17.3890378,7.86411398,245.1806,0.02144775,0.023847219,0.027944035,33.0,44.0,53.0
nan,,1.096,1.4965448,nan,1.0,nan,nan,nan,nan,2.0,nan,16.2780796,-3.69335058,-8.10447146,16.2780796,8.90636268,245.500409,0.019163348,0.021545129,0.026732802,29.0,42.0,52.0
nan,,1.063,1.4475794,nan,1.0,nan,nan,nan,nan,2.0,nan,16.9726398,-3.46083871,-7.58076824,16.9726398,8.33339376,245.461939,0.020565734,0.022966097,0.027589375,31.0,44.0,53.0
nan,,1.023,1.3882274,nan,1.0,nan,nan,nan,nan,2.0,nan,17.8457169,-3.22293383,-6.68377654,17.8457169,7.42025412,244.256518,0.022397899,0.024839176,0.028378227,34.0,45.0,53.0
nan,,1.078,1.4698364,nan,1.0,nan,nan,nan,nan,2.0,nan,17.0397645,-3.56056964,-7.68494809,17.0397645,8.46971565,245.140893,0.020650211,0.023106643,0.027872844,31.0,44.0,53.0
nan,,1.011,1.3704218,nan,1.0,nan,nan,nan,nan,2.0,nan,17.2775079,-3.52021262,-7.5190172,17.2775079,8.30225973,244.912202,0.021129079,0.023609045,0.028189589,32.0,44.0,53.0
nan,,1.027,1.3941626,nan,1.0,nan,nan,nan,nan,2.0,nan,17.1270021,-3.58861113,-7.63977868,17.1270021,8.44063672,244.839283,0.020805857,0.023290158,0.028009183,31.0,44.0,53.0
nan,,1.038,1.4104844,nan,1.0,nan,nan,nan,nan,2.0,nan,17.2533638,-3.50329341,-7.3159343,17.2533638,8.11147085,244.412199,0.021089622,0.023557695,0.027871888,32.0,44.0,53.0
nan,,1.128,1.5440264,nan,1.0,nan,nan,nan,nan,2.0,nan,15.9747501,-3.43038575,-8.03544922,15.9747501,8.73704701,246.882048,0.018723393,0.020943415,0.02599502,29.0,42.0,51.0
nan,,1.024,1.3897112,nan,1.0,nan,nan,nan,nan,2.0,nan,17.2121211,-3.36605027,-7.22678224,17.2121211,7.97224409,245.025101,0.02107129,0.02347015,0.027665125,32.0,44.0,53.0
nan,,1.104,1.5084152,nan,1.0,nan,nan,nan,nan,2.0,nan,16.2434977,-3.37001066,-7.71968411,16.2434977,8.42321166,246.416433,0.019237422,0.021475954,0.026177669,30.0,42.0,51.0
nan,,1.043,1.4179034,nan,1.0,nan,nan,nan,nan,2.0,nan,16.7970191,-3.67152996,-7.84946295,16.7970191,8.66569102,244.932495,0.020138169,0.022601078,0.027545593,30.0,43.0,53.0
nan,,1.181,1.6226678,nan,1.0,nan,nan,nan,nan,2.0,nan,15.7181275,-3.54051721,-7.95151693,15.7181275,8.70413026,245.998354,0.018219633,0.02044319,0.025350526,28.0,41.0,50.0
nan,,1.103,1.5069314,nan,1.0,nan,nan,nan,nan,2.0,nan,16.4297133,-3.4672555,-7.8745286,16.4297133,8.60407237,246.235494,0.019539189,0.021850197,0.026772438,30.0,42.0,52.0
nan,,1.138,1.5588644,nan,1.0,nan,nan,nan,nan,2.0,nan,15.3565901,-3.65375137,-8.39630599,15.3565901,9.15684735,246.483166,0.017542144,0.019752066,0.025134356,27.0,40.0,50.0
nan,,1.078,1.4698364,nan,1.0,nan,nan,nan,nan,2.0,nan,16.6697009,-3.47666626,-7.56504959,16.6697009,8.32569418,245.31793,0.019983283,0.022338886,0.026903971,30.0,43.0,52.0
nan,,0.865,1.153787,nan,1.0,nan,nan,nan,nan,2.0,nan,19.3516757,-3.3674771,-6.36179209,19.3516757,7.19807617,242.106461,0.025522086,0.028304537,0.031460854,37.0,49.0,56.0
nan,0.0,0.08,0.0,nan,,nan,nan,nan,nan,2.0,nan,32.0,-1.05,0.564,32.0,1.2,152.0,0.0674,0.071,0.0574,74.0,76.0,74.0
nan,0.2,0.226,0.2027282,nan,,nan,nan,nan,nan,2.0,nan,29.1,-1.72,-2.07,29.1,2.69,230.0,0.0553,0.0589,0.0526,65.0,70.0,72.0
nan,0.4,0.369,0.4094633,nan,,nan,nan,nan,nan,2.0,nan,26.7,-2.21,-2.84,26.7,3.6,232.0,0.0464,0.0499,0.0461,58.0,64.0,67.0
nan,0.6,0.503,0.6031871,nan,,nan,nan,nan,nan,2.0,nan,24.1,-2.82,-4.67,24.1,5.46,239.0,0.0378,0.0412,0.0414,50.0,59.0,64.0
nan,0.8,0.633,0.7911281,nan,,nan,nan,nan,nan,2.0,nan,22.0,-3.18,-5.9,22.0,6.7,242.0,0.032,0.0352,0.0376,44.0,54.0,61.0
nan,1.0,0.784,1.0094288,nan,,nan,nan,nan,nan,2.0,nan,20.2,-3.23,-6.94,20.2,7.66,245.0,0.0274,0.0303,0.0343,39.0,50.0,59.0
nan,1.2,0.909,1.1901413,nan,,nan,nan,nan,nan,2.0,nan,19.5,-3.05,-6.93,19.5,7.57,246.0,0.0259,0.0286,0.0325,38.0,49.0,57.0
nan,1.4,1.056,1.4026592,nan,,nan,nan,nan,nan,2.0,nan,17.6,-3.15,-7.87,17.6,8.47,248.0,0.0219,0.0242,0.0293,33.0,45.0,54.0
nan,1.6,1.192,1.5992744,nan,,nan,nan,nan,nan,2.0,nan,15.8,-3.12,-8.5,15.8,9.06,250.0,0.0186,0.0206,0.0262,28.0,41.0,51.0
nan,,0.819,1.0600283,nan,1.0,nan,nan,nan,nan,2.0,nan,19.6,-3.41,-7.22,19.6,7.98,245.0,0.026,0.0288,0.0332,37.0,49.0,58.0
nan,,0.83,1.075931,nan,1.0,nan,nan,nan,nan,2.0,nan,19.9,-3.34,-6.27,19.9,7.11,242.0,0.0268,0.0297,0.0327,39.0,50.0,57.0
nan,,0.778,1.0007546,nan,1.0,nan,nan,nan,nan,2.0,nan,20.4,-3.46,-6.24,20.4,7.14,241.0,0.0279,0.0309,0.0339,39.0,51.0,58.0
nan,,0.826,1.0701482,nan,1.0,nan,nan,nan,nan,2.0,nan,19.5,-3.43,-6.49,19.5,7.34,242.0,0.0259,0.0288,0.0321,37.0,49.0,57.0
nan,,0.852,1.1077364,nan,1.0,nan,nan,nan,nan,2.0,nan,19.2,-3.54,-6.95,19.2,7.8,243.0,0.0252,0.028,0.032,36.0,49.0,57.0
nan,,0.965,1.2711005,nan,1.0,nan,nan,nan,nan,2.0,nan,19.0,-3.24,-6.61,19.0,7.37,244.0,0.0247,0.0274,0.0309,37.0,48.0,56.0
nan,,0.988,1.3043516,nan,1.0,nan,nan,nan,nan,2.0,nan,17.6,-3.71,-7.71,17.6,8.55,244.0,0.0216,0.0242,0.0291,32.0,45.0,54.0
nan,,0.936,1.2291752,nan,1.0,nan,nan,nan,nan,2.0,nan,19.2,-3.28,-6.57,19.2,7.35,243.0,0.0253,0.028,0.0314,37.0,48.0,56.0
nan,,0.846,1.0990622,nan,1.0,nan,nan,nan,nan,2.0,nan,20.0,-3.25,-6.21,20.0,7.01,242.0,0.0271,0.0299,0.0329,39.0,50.0,57.0
nan,,0.909,1.1901413,nan,1.0,nan,nan,nan,nan,2.0,nan,18.7,-3.54,-7.2,18.7,8.02,244.0,0.024,0.0267,0.031,35.0,47.0,56.0
nan,,0.803,1.0368971,nan,1.0,nan,nan,nan,nan,2.0,nan,20.6,-3.27,-5.42,20.6,6.33,239.0,0.0285,0.0315,0.0332,41.0,51.0,57.0
nan,,0.826,1.0701482,nan,1.0,nan,nan,nan,nan,2.0,nan,20.0,-3.38,-5.79,20.0,6.7,240.0,0.027,0.0299,0.0323,39.0,50.0,57.0
nan,,0.795,1.0253315,nan,1.0,nan,nan,nan,nan,2.0,nan,20.2,-3.59,-5.73,20.2,6.76,238.0,0.0273,0.0303,0.0326,39.0,50.0,57.0
nan,,0.738,0.9429266,nan,1.0,nan,nan,nan,nan,2.0,nan,21.7,-3.0,-4.7,21.7,5.57,237.0,0.0313,0.0343,0.0349,44.0,54.0,59.0
nan,,0.781,1.0050917,nan,1.0,nan,nan,nan,nan,2.0,nan,21.1,-3.36,-5.4,21.1,6.36,238.0,0.0297,0.0328,0.0345,42.0,52.0,59.0
nan,,0.863,1.1236391,nan,1.0,nan,nan,nan,nan,2.0,nan,20.2,-3.14,-5.17,20.2,6.05,239.0,0.0276,0.0304,0.0319,40.0,50.0,56.0
nan,,0.908,1.1886956,nan,1.0,nan,nan,nan,nan,2.0,nan,18.7,-3.84,-6.76,18.7,7.78,240.0,0.0238,0.0267,0.0303,35.0,47.0,55.0
nan,,0.914,1.1973698,nan,1.0,nan,nan,nan,nan,2.0,nan,18.8,-3.48,-6.25,18.8,7.16,241.0,0.0242,0.027,0.0299,36.0,47.0,55.0
nan,,0.877,1.1438789,nan,1.0,nan,nan,nan,nan,2.0,nan,19.5,-3.37,-5.92,19.5,6.81,240.0,0.0258,0.0286,0.0311,38.0,49.0,56.0
nan,,0.873,1.1380961,nan,1.0,nan,nan,nan,nan,2.0,nan,19.9,-3.37,-5.84,19.9,6.75,240.0,0.0267,0.0295,0.032,39.0,50.0,56.0
nan,,0.846,1.0990622,nan,1.0,nan,nan,nan,nan,2.0,nan,20.2,-2.94,-5.66,20.2,6.38,243.0,0.0276,0.0303,0.0325,40.0,50.0,57.0
nan,,0.825,1.0687025,nan,1.0,nan,nan,nan,nan,2.0,nan,19.7,-3.41,-6.49,19.7,7.33,242.0,0.0264,0.0293,0.0326,38.0,50.0,57.0
nan,,0.816,1.0556912,nan,1.0,nan,nan,nan,nan,2.0,nan,20.2,-3.34,-6.27,20.2,7.1,242.0,0.0275,0.0304,0.0334,39.0,50.0,58.0
nan,,0.69,0.873533,nan,1.0,nan,nan,nan,nan,2.0,nan,21.9,-3.0,-4.94,21.9,5.78,239.0,0.0318,0.0348,0.0358,44.0,54.0,60.0
nan,,0.755,0.9675035,nan,1.0,nan,nan,nan,nan,2.0,nan,20.5,-3.42,-6.15,20.5,7.04,241.0,0.0281,0.0312,0.034,40.0,51.0,58.0
nan,,0.675,0.8518475,nan,1.0,nan,nan,nan,nan,2.0,nan,21.8,-3.2,-5.28,21.8,6.17,239.0,0.0315,0.0347,0.0361,44.0,54.0,60.0
nan,,0.758,0.9718406,nan,1.0,nan,nan,nan,nan,2.0,nan,20.5,-3.4,-6.06,20.5,6.95,241.0,0.0281,0.0312,0.0339,40.0,51.0,58.0
nan,,0.775,0.9964175,nan,1.0,nan,nan,nan,nan,2.0,nan,20.4,-3.27,-5.92,20.4,6.76,241.0,0.0279,0.0309,0.0334,40.0,51.0,58.0
nan,,0.846,1.0990622,nan,1.0,nan,nan,nan,nan,2.0,nan,19.1,-3.39,-6.41,19.1,7.25,242.0,0.0249,0.0277,0.0309,37.0,48.0,56.0
nan,,0.777,0.9993089,nan,1.0,nan,nan,nan,nan,2.0,nan,19.9,-3.54,-6.23,19.9,7.16,240.0,0.0267,0.0297,0.0327,38.0,50.0,57.0
nan,,0.815,1.0542455,nan,1.0,nan,nan,nan,nan,2.0,nan,19.1,-3.59,-6.55,19.1,7.48,241.0,0.0249,0.0277,0.0312,36.0,48.0,56.0
nan,,0.793,1.0224401,nan,1.0,nan,nan,nan,nan,2.0,nan,20.2,-3.51,-6.05,20.2,6.99,240.0,0.0274,0.0304,0.0331,39.0,51.0,57.0
nan,,0.719,0.9154583,nan,1.0,nan,nan,nan,nan,2.0,nan,21.5,-3.14,-4.81,21.5,5.74,237.0,0.0306,0.0337,0.0345,43.0,53.0,58.0
nan,,0.745,0.9530465,nan,1.0,nan,nan,nan,nan,2.0,nan,21.2,-3.26,-5.32,21.2,6.24,238.0,0.0298,0.0329,0.0345,42.0,52.0,59.0
nan,,0.695,0.8807615,nan,1.0,nan,nan,nan,nan,2.0,nan,21.8,-3.2,-4.89,21.8,5.84,237.0,0.0315,0.0347,0.0355,44.0,54.0,59.0
nan,,0.778,1.0007546,nan,1.0,nan,nan,nan,nan,2.0,nan,21.1,-3.22,-5.35,21.1,6.24,239.0,0.0298,0.0328,0.0344,42.0,52.0,59.0
nan,,0.69,0.873533,nan,1.0,nan,nan,nan,nan,2.0,nan,22.0,-3.27,-4.98,22.0,5.96,237.0,0.0318,0.035,0.036,44.0,54.0,60.0
nan,,0.72,0.916904,nan,1.0,nan,nan,nan,nan,2.0,nan,21.3,-3.44,-5.34,21.3,6.35,237.0,0.03,0.0332,0.0348,42.0,53.0,59.0
nan,,0.775,0.9964175,nan,1.0,nan,nan,nan,nan,2.0,nan,20.4,-3.53,-5.87,20.4,6.85,239.0,0.0277,0.0308,0.0333,40.0,51.0,58.0
nan,,0.834,1.1077892,nan,1.0,nan,nan,nan,nan,2.0,nan,19.5980016,-3.37542413,-6.14261209,19.5980016,7.00893511,241.210784,0.026067402,0.028900336,0.031749903,38.0,49.0,56.0
nan,,0.755,0.990569,nan,1.0,nan,nan,nan,nan,2.0,nan,20.5408451,-3.27362576,-5.78377455,20.5408451,6.64595167,240.490069,0.028299114,0.031258044,0.033570678,40.0,51.0,58.0
nan,,0.82,1.087016,nan,1.0,nan,nan,nan,nan,2.0,nan,19.8277834,-3.26524493,-6.05127214,19.8277834,6.87602494,241.648859,0.026645178,0.029463603,0.032181886,39.0,50.0,57.0
nan,,0.775,1.020245,nan,1.0,nan,nan,nan,nan,2.0,nan,20.876491,-2.89603185,-5.01105296,20.876491,5.78771563,239.975146,0.029315267,0.032127342,0.033287401,42.0,52.0,57.0
nan,,0.835,1.109273,nan,1.0,nan,nan,nan,nan,2.0,nan,19.4493558,-3.34706801,-6.25367319,19.4493558,7.09304537,241.843583,0.025749587,0.02853981,0.031545472,38.0,49.0,56.0
nan,,0.825,1.094435,nan,1.0,nan,nan,nan,nan,2.0,nan,19.8143893,-3.34633091,-6.07332378,19.8143893,6.93420452,241.145746,0.026571838,0.029430571,0.032180403,39.0,50.0,57.0
nan,,0.704,0.9148952,nan,1.0,nan,nan,nan,nan,2.0,nan,21.5360241,-2.92331653,-4.69873397,21.5360241,5.53388475,238.112198,0.030930783,0.033882141,0.034502738,44.0,53.0,58.0
nan,,0.985,1.331843,nan,1.0,nan,nan,nan,nan,2.0,nan,19.4713447,-3.04644882,-6.4239256,19.4713447,7.10968849,244.628066,0.025954502,0.028592952,0.031838776,38.0,49.0,56.0
nan,,0.913,1.2250094,nan,1.0,nan,nan,nan,nan,2.0,nan,19.1106212,-3.2520027,-6.16006387,19.1106212,6.9657669,242.169663,0.025050471,0.02772947,0.030603168,37.0,48.0,55.0
nan,,0.992,1.3422296,nan,1.0,nan,nan,nan,nan,2.0,nan,17.7968384,-3.48052204,-7.23503568,17.7968384,8.02868451,244.309424,0.022178069,0.024731716,0.028993907,33.0,45.0,54.0
nan,,1.006,1.2956096,nan,1.0,nan,nan,nan,nan,2.0,nan,18.1231238,-3.18934916,-7.37520904,18.1231238,8.03527576,246.614324,0.022981896,0.025454958,0.029937082,34.0,46.0,55.0
nan,,1.032,1.3320512,nan,1.0,nan,nan,nan,nan,2.0,nan,17.7757362,-3.25498212,-7.62271843,17.7757362,8.28859125,246.877001,0.022241101,0.024685419,0.029462887,33.0,45.0,54.0
nan,,1.063,1.3755008,nan,1.0,nan,nan,nan,nan,2.0,nan,16.984377,-3.29985459,-8.01245619,16.984377,8.66536176,247.616148,0.020660017,0.022990631,0.028174007,31.0,44.0,53.0
nan,,1.111,1.4427776,nan,1.0,nan,nan,nan,nan,2.0,nan,16.9566132,-3.12088128,-7.95485059,16.9566132,8.54514762,248.578716,0.020686495,0.022932624,0.028036829,31.0,43.0,53.0
nan,,1.07,1.385312,nan,1.0,nan,nan,nan,nan,2.0,nan,16.6671154,-3.33660989,-8.14731969,16.6671154,8.80407767,247.729199,0.020039606,0.022333583,0.027640516,30.0,43.0,53.0
nan,,0.996,1.2815936,nan,1.0,nan,nan,nan,nan,2.0,nan,17.8675075,-3.1576085,-7.28946043,17.8675075,7.94397412,246.578969,0.022472988,0.024887183,0.029228595,34.0,45.0,54.0
nan,,1.032,1.3320512,nan,1.0,nan,nan,nan,nan,2.0,nan,17.9339126,-3.163336,-7.53557318,17.9339126,8.17261022,247.227967,0.022605658,0.025033861,0.029712654,34.0,46.0,55.0
nan,,1.019,1.3138304,nan,1.0,nan,nan,nan,nan,2.0,nan,17.4738632,-3.31262268,-7.83767559,17.4738632,8.50897337,247.08847,0.021610159,0.024029434,0.029054746,32.0,45.0,54.0
nan,,0.979,1.2577664,nan,1.0,nan,nan,nan,nan,2.0,nan,17.8712427,-3.40213335,-7.96740125,17.8712427,8.66337083,246.877195,0.022365334,0.024895418,0.030151804,33.0,46.0,55.0
nan,,1.035,1.336256,nan,1.0,nan,nan,nan,nan,2.0,nan,17.8617455,-3.15564856,-7.44210766,17.8617455,8.08350693,247.021784,0.022462191,0.024874483,0.029419533,34.0,45.0,54.0
nan,,0.974,1.2507584,nan,1.0,nan,nan,nan,nan,2.0,nan,18.0206584,-3.35055174,-7.5726904,18.0206584,8.28081136,246.132912,0.022694245,0.025226336,0.029965329,34.0,46.0,55.0
nan,,0.886,1.1274176,nan,1.0,nan,nan,nan,nan,2.0,nan,19.2861297,-3.1110824,-6.85962302,19.2861297,7.53214855,245.604022,0.025508662,0.028147389,0.032003519,37.0,48.0,57.0
nan,,0.959,1.2297344,nan,1.0,nan,nan,nan,nan,2.0,nan,18.6211195,-3.02364361,-6.97144812,18.6211195,7.59891503,246.552747,0.024107693,0.026585777,0.030558337,36.0,47.0,55.0
nan,,1.054,1.3628864,nan,1.0,nan,nan,nan,nan,2.0,nan,17.3283796,-3.03323713,-7.54824658,17.3283796,8.13489729,248.10744,0.021450652,0.023717485,0.028342257,33.0,44.0,53.0
nan,,1.003,1.2914048,nan,1.0,nan,nan,nan,nan,2.0,nan,17.8061287,-3.16101793,-7.60172684,17.8061287,8.23275685,247.421046,0.02234673,0.024752117,0.029505063,33.0,45.0,54.0
nan,,1.101,1.4287616,nan,1.0,nan,nan,nan,nan,2.0,nan,16.3721812,-3.27815871,-8.31727202,16.3721812,8.93998537,248.488681,0.019513878,0.021734113,0.027207347,30.0,42.0,52.0
nan,,1.053,1.3614848,nan,1.0,nan,nan,nan,nan,2.0,nan,16.8824562,-3.3758341,-8.10227883,16.8824562,8.77742435,247.380831,0.020430893,0.022778168,0.028062249,31.0,43.0,53.0
nan,,1.106,1.4357696,nan,1.0,nan,nan,nan,nan,2.0,nan,16.0919509,-3.47088119,-8.62237558,16.0919509,9.29474996,248.07307,0.018918283,0.02117456,0.026981363,28.0,42.0,52.0
nan,,1.036,1.3376576,nan,1.0,nan,nan,nan,nan,2.0,nan,17.0437394,-3.43814616,-8.11350313,17.0437394,8.81191137,247.034903,0.020712539,0.023114984,0.028439803,31.0,44.0,53.0
nan,,1.001,1.2886016,nan,1.0,nan,nan,nan,nan,2.0,nan,17.6536935,-3.16222693,-7.65786275,17.6536935,8.28507942,247.562381,0.022038595,0.024418796,0.029228272,33.0,45.0,54.0
nan,,1.073,1.3895168,nan,1.0,nan,nan,nan,nan,2.0,nan,17.1413196,-3.45998299,-7.59962526,17.1413196,8.35019679,245.521015,0.020891324,0.023320369,0.027989116,31.0,44.0,53.0
nan,,1.032,1.3320512,nan,1.0,nan,nan,nan,nan,2.0,nan,17.4305264,-3.38033083,-7.44324852,17.4305264,8.17487523,245.574957,0.021493328,0.023936226,0.028435372,32.0,45.0,53.0
nan,,0.858,1.0881728,nan,1.0,nan,nan,nan,nan,2.0,nan,19.2326568,-3.42751371,-6.44601909,19.2326568,7.30061726,241.999275,0.025228767,0.028019618,0.03129153,37.0,48.0,56.0
nan,,0.838,1.0601408,nan,1.0,nan,nan,nan,nan,2.0,nan,19.3198125,-3.30369848,-6.43561252,19.3198125,7.23405365,242.826467,0.025484306,0.028228071,0.031487339,37.0,49.0,56.0
nan,,0.794,0.9984704,nan,1.0,nan,nan,nan,nan,2.0,nan,20.577189,-2.95835006,-5.38216431,20.577189,6.14162256,241.20425,0.028559689,0.031351405,0.033076847,41.0,51.0,57.0
nan,,0.927,1.1848832,nan,1.0,nan,nan,nan,nan,2.0,nan,18.71839,-3.19621577,-6.47008736,18.71839,7.21649678,243.710681,0.024229932,0.026810491,0.03010179,36.0,47.0,55.0
nan,,0.882,1.1218112,nan,1.0,nan,nan,nan,nan,2.0,nan,19.6930688,-2.96764789,-5.64701155,19.6930688,6.37931606,242.276934,0.026495772,0.029132496,0.031284274,39.0,49.0,56.0
nan,,0.965,1.238144,nan,1.0,nan,nan,nan,nan,2.0,nan,18.8820748,-2.98369127,-6.07071509,18.8820748,6.7643178,243.826379,0.024688464,0.027191487,0.029942566,37.0,47.0,55.0
nan,,0.93,1.189088,nan,1.0,nan,nan,nan,nan,2.0,nan,19.0805021,-2.97804842,-6.14090212,19.0805021,6.82491401,244.128799,0.025123685,0.02765817,0.030505412,38.0,48.0,55.0
nan,,0.925,1.18208,nan,1.0,nan,nan,nan,nan,2.0,nan,19.1575544,-3.06617379,-6.22393922,19.1575544,6.93821599,243.773207,0.025247955,0.027840819,0.030802918,38.0,48.0,55.0
nan,,0.91,1.161056,nan,1.0,nan,nan,nan,nan,2.0,nan,18.2061558,-3.57886215,-7.10961973,18.2061558,7.95958209,243.280091,0.022966751,0.025641229,0.029771312,34.0,46.0,55.0
nan,,0.922,1.1778752,nan,1.0,nan,nan,nan,nan,2.0,nan,18.4584759,-3.52883393,-6.9187099,18.4584759,7.76667339,242.9765,0.023515914,0.026212849,0.030102463,35.0,47.0,55.0
nan,,0.863,1.0951808,nan,1.0,nan,nan,nan,nan,2.0,nan,19.4851895,-3.23301172,-6.30478864,19.4851895,7.08538811,242.851853,0.025888625,0.028626445,0.031704321,38.0,49.0,56.0
nan,,0.944,1.2087104,nan,1.0,nan,nan,nan,nan,2.0,nan,18.8870093,-3.25439755,-6.6834148,18.8870093,7.43364896,244.036866,0.024563314,0.027203028,0.030793267,36.0,48.0,55.0
nan,,0.823,1.0391168,nan,1.0,nan,nan,nan,nan,2.0,nan,19.9770045,-3.21214006,-6.05857204,19.9770045,6.85741488,242.068313,0.027015078,0.029833282,0.03255998,39.0,50.0,57.0
nan,,0.807,1.0166912,nan,1.0,nan,nan,nan,nan,2.0,nan,21.0908964,-2.94359775,-5.16420254,21.0908964,5.94422035,240.316841,0.02981206,0.032690986,0.034054384,43.0,52.0,58.0
nan,,0.847,1.0727552,nan,1.0,nan,nan,nan,nan,2.0,nan,19.9522895,-3.18613942,-5.99025946,19.9522895,6.78488709,241.992082,0.026972123,0.029771841,0.032401105,39.0,50.0,57.0
nan,,0.881,1.1204096,nan,1.0,nan,nan,nan,nan,2.0,nan,19.677052,-3.12434362,-6.07361739,19.677052,6.83010624,242.778152,0.026377029,0.029093295,0.031844938,39.0,49.0,56.0
nan,,0.974,1.2507584,nan,1.0,nan,nan,nan,nan,2.0,nan,19.5058603,-2.8989474,-6.11544285,19.5058603,6.76775718,244.637308,0.026108757,0.028676501,0.031488184,39.0,49.0,56.0
nan,,0.97,1.245152,nan,1.0,nan,nan,nan,nan,2.0,nan,18.4578409,-3.22208424,-6.73181056,18.4578409,7.46318298,244.422563,0.023664138,0.0262114,0.029847236,35.0,47.0,55.0
nan,0.0,0.093,0.0159488,nan,,nan,nan,nan,nan,2.0,nan,31.3731817,-1.35714759,1.35994328,31.3731817,1.92127439,134.941047,0.064374152,0.06811201,0.05344566,72.0,74.0,72.0
nan,0.2,0.233,0.2121728,nan,,nan,nan,nan,nan,2.0,nan,28.6896254,-1.91662001,-0.375763618,28.6896254,1.95310793,191.09245,0.053504939,0.057180267,0.047879448,64.0,69.0,68.0
nan,0.4,0.368,0.4013888,nan,,nan,nan,nan,nan,2.0,nan,26.9270914,-2.3660283,-1.86454407,26.9270914,3.01241008,218.23981,0.047014178,0.050678111,0.045061019,59.0,65.0,66.0
nan,0.6,0.507,0.5962112,nan,,nan,nan,nan,nan,2.0,nan,24.3596594,-2.81404211,-3.39446345,24.3596594,4.40921933,230.340949,0.038672023,0.042118075,0.040094754,51.0,59.0,63.0
nan,0.8,0.62,0.754592,nan,,nan,nan,nan,nan,2.0,nan,23.079328,-2.68929118,-3.85760569,23.079328,4.70248963,235.118105,0.035129712,0.038235546,0.037287961,48.0,56.0,61.0
nan,1.0,0.785,0.985856,nan,,nan,nan,nan,nan,2.0,nan,20.5294108,-3.07000916,-5.28724748,20.5294108,6.11391382,239.858659,0.028384152,0.031228709,0.03282048,41.0,51.0,57.0
nan,1.2,0.941,1.2045056,nan,,nan,nan,nan,nan,2.0,nan,18.8687954,-3.16632322,-6.34510968,18.8687954,7.09126361,243.479983,0.024568106,0.027160444,0.030285063,37.0,48.0,55.0
nan,1.4,1.105,1.434368,nan,,nan,nan,nan,nan,2.0,nan,17.2492205,-3.3622323,-7.29313752,17.2492205,8.03084435,245.249677,0.021145416,0.02354889,0.027833181,32.0,44.0,53.0
nan,1.6,1.22,1.595552,nan,,nan,nan,nan,nan,2.0,nan,15.522436,-3.45317676,-8.12639307,15.522436,8.82964858,246.977735,0.017911044,0.020067134,0.025153711,28.0,41.0,50.0
nan,,0.948,1.2143168,nan,1.0,nan,nan,nan,nan,2.0,nan,18.2470292,-3.45593453,-6.70427127,18.2470292,7.54259483,242.729687,0.023110301,0.025733256,0.02932102,35.0,46.0,54.0
nan,,0.933,1.1932928,nan,1.0,nan,nan,nan,nan,2.0,nan,18.3197163,-3.51891863,-6.7564508,18.3197163,7.617901,242.488439,0.023230897,0.025897456,0.029559128,35.0,47.0,54.0
nan,,0.879,1.1176064,nan,1.0,nan,nan,nan,nan,2.0,nan,19.4631221,-3.3481081,-5.92673518,19.4631221,6.80705647,240.537196,0.025779731,0.028573072,0.031121489,38.0,49.0,56.0
nan,,0.84,1.062944,nan,1.0,nan,nan,nan,nan,2.0,nan,19.5882577,-3.50644492,-5.95151904,19.5882577,6.9076577,239.494766,0.02597734,0.02887661,0.031457527,38.0,49.0,56.0
nan,,0.857,1.0867712,nan,1.0,nan,nan,nan,nan,2.0,nan,19.5926224,-3.37118192,-6.13758211,19.5926224,7.00248397,241.221384,0.026057531,0.028887236,0.031729728,38.0,49.0,56.0
nan,,0.806,1.0152896,nan,1.0,nan,nan,nan,nan,2.0,nan,19.8961586,-3.51349639,-6.01771861,19.8961586,6.96832793,239.721116,0.026669758,0.029632614,0.032302084,38.0,50.0,57.0
nan,,0.768,0.9620288,nan,1.0,nan,nan,nan,nan,2.0,nan,20.4984718,-3.4333272,-5.59828254,20.4984718,6.56722948,238.47995,0.028111085,0.031149428,0.033193543,40.0,51.0,57.0
nan,,0.66,0.810656,nan,1.0,nan,nan,nan,nan,2.0,nan,22.3434017,-3.26955661,-4.72358578,22.3434017,5.74475961,235.309916,0.03279753,0.036115859,0.03665891,45.0,55.0,60.0
nan,,0.79,0.992864,nan,1.0,nan,nan,nan,nan,2.0,nan,20.1983922,-3.5277746,-5.94152548,20.1983922,6.90991452,239.300321,0.027357333,0.030387423,0.032941138,39.0,51.0,57.0
nan,,0.843,1.0671488,nan,1.0,nan,nan,nan,nan,2.0,nan,19.4133691,-3.55490894,-6.05641471,19.4133691,7.02264457,239.588519,0.025562437,0.028452981,0.031182638,37.0,49.0,56.0
nan,,0.144,0.0934072,nan,6.0,nan,nan,nan,nan,2.0,nan,30.4714132,-1.48405049,-0.651864456,30.4714132,1.62090504,203.71333,0.060627687,0.064295958,0.054363229,69.0,72.0,73.0
nan,,0.13,0.073369,nan,6.0,nan,nan,nan,nan,2.0,nan,30.8606695,-1.37506651,-0.290297203,30.8606695,1.40537553,191.920953,0.06227699,0.065925207,0.054990657,70.0,73.0,73.0
nan,,0.133,0.0776629,nan,6.0,nan,nan,nan,nan,2.0,nan,30.5751193,-1.3957798,-0.198557717,30.5751193,1.40983205,188.096332,0.061118678,0.06472737,0.053810872,70.0,73.0,72.0
nan,,0.149,0.1005637,nan,6.0,nan,nan,nan,nan,2.0,nan,30.2596213,-1.45593299,-0.552539407,30.2596213,1.55725421,200.782195,0.059821893,0.063420878,0.053430791,69.0,72.0,72.0
nan,,0.125,0.0662125,nan,6.0,nan,nan,nan,nan,2.0,nan,30.8625309,-1.3550838,-0.164281467,30.8625309,1.36500568,186.912431,0.062303075,0.065933063,0.054741177,70.0,73.0,73.0
nan,,,,nan,,nan,nan,nan,nan,,nan,,,,,,,,,,,,
nan,,,,nan,,nan,nan,nan,nan,,nan,,,,,,,,,,,,
nan,0.0,0.082,0.0,nan,,nan,nan,nan,nan,2.0,nan,31.8291525,-1.12013661,0.690590798,31.8291525,1.31591097,148.345183,0.066493918,0.070097752,0.056404233,73.0,75.0,74.0
nan,0.5,0.404,0.5,nan,,nan,nan,nan,nan,2.0,nan,25.8706487,-2.38377125,-3.05119282,25.8706487,3.87196888,232.000954,0.043572037,0.047027847,0.043939479,56.0,62.0,66.0
nan,1.0,0.748,1.0,nan,,nan,nan,nan,nan,2.0,nan,21.1366275,-2.63984987,-5.49381272,21.1366275,6.09514442,244.335098,0.030098418,0.032812054,0.034661733,43.0,52.0,59.0
nan,1.5,1.018,1.5,nan,,nan,nan,nan,nan,2.0,nan,18.4393999,-2.46138328,-6.37954693,18.4393999,6.83791098,248.902181,0.02399853,0.026169339,0.029330318,37.0,46.0,54.0
nan,2.0,1.258,2.0,nan,,nan,nan,nan,nan,2.0,nan,15.0280377,-3.0577425,-8.62857136,15.0280377,9.15434502,250.48699,0.017215965,0.019137666,0.024733048,27.0,39.0,50.0
nan,2.5,1.404,2.5,nan,,nan,nan,nan,nan,2.0,nan,12.8704933,-3.36748256,-10.3754479,12.8704933,10.9082472,252.018507,0.013690585,0.015416601,0.022450612,20.0,35.0,48.0
nan,3.0,,3.0,nan,,nan,nan,nan,nan,2.0,nan,11.4324426,-3.34037472,-11.192624,11.4324426,11.680451,253.382567,0.011701977,0.013225724,0.020640395,16.0,32.0,46.0
nan,3.5,,3.5,nan,,nan,nan,nan,nan,2.0,nan,10.5186086,-3.20889766,-11.7858824,10.5186086,12.2149109,254.769472,0.010576816,0.011947533,0.019617818,13.0,30.0,44.0
nan,4.0,,4.0,nan,,nan,nan,nan,nan,2.0,nan,8.50476415,-3.04692997,-13.1613354,8.50476415,13.5094239,256.965303,0.008323812,0.009427089,0.01754934,7.0,26.0,42.0
nan,0.0,0.09,0.0,nan,,nan,nan,nan,nan,2.0,nan,31.5433489,-1.19433196,0.88764488,31.5433489,1.48806662,143.379732,0.065231294,0.068848636,0.054988808,73.0,75.0,73.0
nan,0.5,0.384,0.5,nan,,nan,nan,nan,nan,2.0,nan,26.8398246,-2.22205178,-2.37608552,26.8398246,3.25319789,226.918643,0.046835136,0.050369668,0.045707393,58.0,65.0,67.0
nan,1.0,0.748,1.0,nan,,nan,nan,nan,nan,2.0,nan,21.2016798,-2.83618653,-5.47818409,21.2016798,6.1688293,242.62832,0.030146657,0.032984787,0.034806315,43.0,52.0,59.0
nan,1.5,0.956,1.5,nan,,nan,nan,nan,nan,2.0,nan,18.7841659,-2.6096055,-5.98393426,18.7841659,6.52820879,246.437889,0.024664381,0.026963162,0.029597154,38.0,47.0,54.0
nan,2.0,1.207,2.0,nan,,nan,nan,nan,nan,2.0,nan,15.287589,-3.07709946,-8.19063168,15.287589,8.74957076,249.409541,0.017654127,0.019621957,0.024744471,28.0,40.0,50.0
nan,2.5,1.323,2.5,nan,,nan,nan,nan,nan,2.0,nan,13.4163836,-3.47737618,-9.70780084,13.4163836,10.3118157,250.292257,0.014465685,0.016307744,0.022758291,22.0,36.0,48.0
nan,3.0,,3.0,nan,,nan,nan,nan,nan,2.0,nan,12.7367079,-3.37521597,-9.86749661,12.7367079,10.4287857,251.116546,0.013493298,0.015203272,0.021633704,20.0,35.0,47.0
nan,3.5,,3.5,nan,,nan,nan,nan,nan,2.0,nan,10.6686943,-3.38384042,-11.6073668,10.6686943,12.0905476,253.747263,0.010712193,0.012151539,0.019700064,14.0,31.0,44.0
nan,4.0,,4.0,nan,,nan,nan,nan,nan,2.0,nan,9.13975792,-3.11049743,-12.5247523,9.13975792,12.9052166,256.052875,0.008993712,0.010179098,0.017988336,10.0,28.0,42.0
nan,0.0,0.09,0.0,nan,,nan,nan,nan,nan,2.0,nan,31.4941464,-1.22775963,1.04629492,31.4941464,1.6131109,139.562414,0.064995759,0.068635103,0.054494925,73.0,75.0,72.0
nan,0.5,0.426,0.5,nan,,nan,nan,nan,nan,2.0,nan,25.1983563,-2.81255715,-3.36277188,25.1983563,4.38391519,230.091543,0.041175717,0.04479873,0.042471304,53.0,61.0,65.0
nan,1.0,0.751,1.0,nan,,nan,nan,nan,nan,2.0,nan,21.4013154,-2.79763021,-5.00268001,21.4013154,5.73180094,240.784932,0.030665815,0.033518661,0.034609748,44.0,53.0,59.0
nan,1.5,1.144,1.5,nan,,nan,nan,nan,nan,2.0,nan,17.1966942,-3.30173398,-7.7642799,17.1966942,8.43714938,246.962539,0.021070305,0.02343746,0.028327859,32.0,44.0,53.0
nan,2.0,1.251,2.0,nan,,nan,nan,nan,nan,2.0,nan,16.0322669,-3.183225,-8.03201362,16.0322669,8.63980117,248.380726,0.018931079,0.021056639,0.026113392,29.0,42.0,51.0
nan,2.5,1.331,2.5,nan,,nan,nan,nan,nan,2.0,nan,14.2718056,-3.41119106,-9.51568397,14.2718056,10.1086332,250.278212,0.015827149,0.017772193,0.024238652,24.0,38.0,49.0
nan,3.0,,3.0,nan,,nan,nan,nan,nan,2.0,nan,12.2072798,-3.41643676,-10.5995714,12.2072798,11.1365593,252.134914,0.012727733,0.01437837,0.021436879,18.0,34.0,46.0
nan,3.5,,3.5,nan,,nan,nan,nan,nan,2.0,nan,10.989992,-3.41407319,-11.052997,10.989992,11.56826,252.835016,0.011107158,0.012596048,0.019699645,15.0,31.0,44.0
nan,4.0,,4.0,nan,,nan,nan,nan,nan,2.0,nan,9.34120717,-3.18527978,-12.4690336,9.34120717,12.8694525,255.669961,0.009198673,0.010425765,0.018271477,10.0,28.0,43.0
